num_runs,random_seed,mean,p05,p50,p95,unique_lineups
17,1729,190.61703479986667,182.4641114899677,188.93441181121923,201.35562159924248,17
